id,image,title,platform,price
0,https://media.gamestop.com/i/gamestop/11105646/Assassins-Creed-Valhalla?w=188&h=188,Assassin's Creed Valhalla,PlayStation 5,29.99
1,https://media.gamestop.com/i/gamestop/11109005/Balan-Wonderworld?w=188&h=188,Balan Wonderworld,PlayStation 5,39.99
2,https://media.gamestop.com/i/gamestop/11103153/Call-of-Duty-Black-Ops-Cold-War?w=188&h=188,Call of Duty: Black Ops Cold War,PlayStation 5,69.99
3,https://media.gamestop.com/i/gamestop/11136890/Cant-Drive-This?w=188&h=188,Can't Drive This,PlayStation 5,29.99
4,https://media.gamestop.com/i/gamestop/11114718/Control-Ultimate-Edition?w=188&h=188,Control Ultimate Edition,PlayStation 5,39.99
5,https://media.gamestop.com/i/gamestop/11108202/Demons-Souls?w=188&h=188,Demon's Souls,PlayStation 5,59.99
6,https://media.gamestop.com/i/gamestop/11108956/Devil-May-Cry-5-Special-Edition?w=188&h=188,Devil May Cry 5 Special Edition,PlayStation 5,29.99
7,https://media.gamestop.com/i/gamestop/11110420/DIRT-5?w=188&h=188,DIRT 5,PlayStation 5,39.99
8,https://media.gamestop.com/i/gamestop/11112301/FIFA-21-Next-Level-Edition?w=188&h=188,FIFA 21 Next Level Edition,PlayStation 5,59.94
9,https://media.gamestop.com/i/gamestop/11109097/Fortnite-The-Last-Laugh-Bundle?w=188&h=188,Fortnite: The Last Laugh Bundle,PlayStation 5,29.99
10,https://media.gamestop.com/i/gamestop/11109001/Godfall?w=188&h=188,Godfall,PlayStation 5,69.99
11,https://media.gamestop.com/i/gamestop/11109003/Godfall-Ascended-Edition?w=188&h=188,Godfall Ascended Edition,PlayStation 5,99.99
12,https://media.gamestop.com/i/gamestop/11109002/Godfall-Deluxe-Edition?w=188&h=188,Godfall Deluxe Edition,PlayStation 5,89.99
13,https://media.gamestop.com/i/gamestop/11110452/HITMAN-3?w=188&h=188,HITMAN 3,PlayStation 5,59.99
14,https://media.gamestop.com/i/gamestop/11114033/Hunting-Simulator-2?w=188&h=188,Hunting Simulator 2,PlayStation 5,29.99
15,https://media.gamestop.com/i/gamestop/11108593/Immortals-Fenyx-Rising?w=188&h=188,Immortals Fenyx Rising,PlayStation 5,29.99
16,https://media.gamestop.com/i/gamestop/11116379/Judgment?w=188&h=188,Judgment,PlayStation 5,29.99
17,https://media.gamestop.com/i/gamestop/11107485/Just-Dance-2021?w=188&h=188,Just Dance 2021,PlayStation 5,29.99
18,https://media.gamestop.com/i/gamestop/11112063/Madden-NFL-21-Next-Level-Edition?w=188&h=188,Madden NFL 21 Next Level Edition,PlayStation 5,59.99
19,https://media.gamestop.com/i/gamestop/11110033/Maneater?w=188&h=188,Maneater,PlayStation 5,39.99
20,https://media.gamestop.com/i/gamestop/11108199/Marvels-Spider-Man-Miles-Morales?w=188&h=188,Marvel's Spider-Man: Miles Morales,PlayStation 5,39.88
21,https://media.gamestop.com/i/gamestop/11108812/Marvels-Spider-Man-Miles-Morales-Ultimate-Edition?w=188&h=188,Marvel's Spider-Man: Miles Morales Ultimate Edition,PlayStation 5,59.99
22,https://media.gamestop.com/i/gamestop/11116345/MLB-The-Show-21?w=188&h=188,MLB The Show 21,PlayStation 5,59.99
23,https://media.gamestop.com/i/gamestop/11112691/Monster-Energy-Supercross-4?w=188&h=188,Monster Energy Supercross 4,PlayStation 5,39.99
24,https://media.gamestop.com/i/gamestop/11110038/Mortal-Kombat-11-Ultimate-Edition?w=188&h=188,Mortal Kombat 11 Ultimate Edition,PlayStation 5,39.99
25,https://media.gamestop.com/i/gamestop/11121856/Mortal-Shell-Enhanced-Edition---Deluxe-Set?w=188&h=188,Mortal Shell Enhanced Edition - Deluxe Set,PlayStation 5,39.99
26,https://media.gamestop.com/i/gamestop/11103703/NBA-2K21?w=188&h=188,NBA 2K21,PlayStation 5,29.99
27,https://media.gamestop.com/i/gamestop/11103699/NBA-2K21-Mamba-Forever-Edition?w=188&h=188,NBA 2K21 Mamba Forever Edition,PlayStation 5,49.99
28,https://media.gamestop.com/i/gamestop/11113864/Nioh-Collection?w=188&h=188,Nioh Collection,PlayStation 5,59
29,https://media.gamestop.com/i/gamestop/11111141/Outriders?w=188&h=188,Outriders,PlayStation 5,44.99
30,https://media.gamestop.com/i/gamestop/11105888/Overcooked-All-You-Can-Eat?w=188&h=188,Overcooked! All You Can Eat,PlayStation 5,29.99
31,https://media.gamestop.com/i/gamestop/11108747/Override-2-Super-Mech-League-Ultraman-Deluxe-Edition?w=188&h=188,Override 2 Super Mech League Ultraman Deluxe Edition,PlayStation 5,29.99
32,https://media.gamestop.com/i/gamestop/11105229/Planet-Coaster-Console-Edition?w=188&h=188,Planet Coaster: Console Edition,PlayStation 5,39.99
33,https://media.gamestop.com/i/gamestop/11107489/Puyo-Puyo-Tetris-2-Launch-Edition?w=188&h=188,Puyo Puyo Tetris 2 Launch Edition,PlayStation 5,29.99
34,https://media.gamestop.com/i/gamestop/11114710/Resident-Evil-Village?w=188&h=188,Resident Evil Village,PlayStation 5,59.99
35,https://media.gamestop.com/i/gamestop/11114713/Resident-Evil-Village-Deluxe-Edition?w=188&h=188,Resident Evil Village Deluxe Edition,PlayStation 5,69.99
36,https://media.gamestop.com/i/gamestop/11112929/Returnal?w=188&h=188,Returnal,PlayStation 5,69.99
37,https://media.gamestop.com/i/gamestop/11112729/Ride-4-PS5?w=188&h=188,Ride 4 PS5,PlayStation 5,49.99
38,https://media.gamestop.com/i/gamestop/11108200/Sackboy-A-Big-Adventure?w=188&h=188,Sackboy: A Big Adventure,PlayStation 5,49.88
39,https://media.gamestop.com/i/gamestop/11118665/Spacebase-Startopia?w=188&h=188,Spacebase Startopia,PlayStation 5,49.99
40,https://media.gamestop.com/i/gamestop/11111183/Spirit-of-the-North?w=188&h=188,Spirit of the North,PlayStation 5,34.99
41,https://media.gamestop.com/i/gamestop/11116196/Subnautica-Below-Zero?w=188&h=188,Subnautica: Below Zero,PlayStation 5,29.99
42,https://media.gamestop.com/i/gamestop/11113911/Tennis-World-Tour-2?w=188&h=188,Tennis World Tour 2,PlayStation 5,29.99
43,https://media.gamestop.com/i/gamestop/11111075/The-Pathless?w=188&h=188,The Pathless,PlayStation 5,49.99
44,https://media.gamestop.com/i/gamestop/11120266/Tony-Hawk-Pro-Skater-1-and-2?w=188&h=188,Tony Hawk Pro Skater 1 and 2,PlayStation 5,44.99
45,https://media.gamestop.com/i/gamestop/11110271/Warhammer-Chaosbane-Slayer-Edition?w=188&h=188,Warhammer: Chaosbane Slayer Edition,PlayStation 5,49.99
46,https://media.gamestop.com/i/gamestop/11105654/Watch-Dogs-Legion?w=188&h=188,Watch Dogs: Legion,PlayStation 5,29.83
47,https://media.gamestop.com/i/gamestop/11113140/Werewolf-The-Apocalypse-Earthblood?w=188&h=188,Werewolf: The Apocalypse Earthblood,PlayStation 5,49.99
48,https://media.gamestop.com/i/gamestop/11108997/WRC-9?w=188&h=188,WRC 9,PlayStation 5,29.99
49,https://media.gamestop.com/i/gamestop/11116121/Yakuza-Like-a-Dragon?w=188&h=188,Yakuza: Like a Dragon,PlayStation 5,59.8
50,https://media.gamestop.com/i/gamestop/11102094/Assassins-Creed-Valhalla?w=188&h=188,Assassin's Creed Valhalla,Xbox Series X,39.99
51,https://media.gamestop.com/i/gamestop/11102096/Assassins-Creed-Valhalla-Gold-Steelbook-Edition?w=188&h=188,Assassin's Creed Valhalla Gold Steelbook Edition,Xbox Series X,89.99
52,https://media.gamestop.com/i/gamestop/11102098/Assassins-Creed-Valhalla-Ultimate-Steelbook-Edition-Only-at-GameStop?w=188&h=188,Assassin's Creed Valhalla Ultimate Steelbook Edition Only at GameStop,Xbox Series X,109.99
53,https://media.gamestop.com/i/gamestop/B215853A/Assassins-Creed-Valhalla-Xbox-One/Series-X-and-Collectors-Box-Bundle?w=188&h=188,Assassin's Creed Valhalla Xbox One/Series X and Collector's Box Bundle,Xbox Series X,89.99
54,https://media.gamestop.com/i/gamestop/11109006/Balan-Wonderworld?w=188&h=188,Balan Wonderworld,Xbox Series X,39.99
55,https://media.gamestop.com/i/gamestop/11103154/Call-of-Duty-Black-Ops-Cold-War?w=188&h=188,Call of Duty: Black Ops Cold War,Xbox Series X,69.99
56,https://media.gamestop.com/i/gamestop/11107467/Control-Ultimate-Edition?w=188&h=188,Control Ultimate Edition,Xbox Series X,39.99
57,https://media.gamestop.com/i/gamestop/11108957/Devil-May-Cry-5-Special-Edition?w=188&h=188,Devil May Cry 5 Special Edition,Xbox Series X,29.99
58,https://media.gamestop.com/i/gamestop/11112302/FIFA-21-Next-Level-Edition?w=188&h=188,FIFA 21 Next Level Edition,Xbox Series X,69.99
59,https://media.gamestop.com/i/gamestop/11103266/Fortnite-The-Last-Laugh-Bundle?w=188&h=188,Fortnite: The Last Laugh Bundle,Xbox Series X,29.99
60,https://media.gamestop.com/i/gamestop/11108373/Gears-Tactics?w=188&h=188,Gears Tactics,Xbox Series X,59.99
61,https://media.gamestop.com/i/gamestop/11110453/HITMAN-3?w=188&h=188,HITMAN 3,Xbox Series X,49.94
62,https://media.gamestop.com/i/gamestop/11094292/Immortals-Fenyx-Rising?w=188&h=188,Immortals Fenyx Rising,Xbox Series X,29.99
63,https://media.gamestop.com/i/gamestop/11108595/Immortals-Fenyx-Rising-Gold-Edition?w=188&h=188,Immortals Fenyx Rising Gold Edition,Xbox Series X,69.99
64,https://media.gamestop.com/i/gamestop/11113109/It-Takes-Two?w=188&h=188,It Takes Two,Xbox Series X,29.83
65,https://media.gamestop.com/i/gamestop/11116380/Judgment?w=188&h=188,Judgment,Xbox Series X,29.99
66,https://media.gamestop.com/i/gamestop/11107483/Just-Dance-2021?w=188&h=188,Just Dance 2021,Xbox Series X,29.99
67,https://media.gamestop.com/i/gamestop/11134213/Life-is-Strange-True-Colors?w=188&h=188,Life is Strange: True Colors,Xbox Series X,59.99
68,https://media.gamestop.com/i/gamestop/11112062/Madden-NFL-21-Next-Level-Edition?w=188&h=188,Madden NFL 21 Next Level Edition,Xbox Series X,69.99
69,https://media.gamestop.com/i/gamestop/11116255/MLB-The-Show-21?w=188&h=188,MLB The Show 21,Xbox Series X,59.99
70,https://media.gamestop.com/i/gamestop/11112693/Monster-Energy-Supercross-4?w=188&h=188,Monster Energy Supercross 4,Xbox Series X,39.99
71,https://media.gamestop.com/i/gamestop/11110039/Mortal-Kombat-11-Ultimate-Edition?w=188&h=188,Mortal Kombat 11 Ultimate Edition,Xbox Series X,49.99
72,https://media.gamestop.com/i/gamestop/11103704/NBA-2K21?w=188&h=188,NBA 2K21,Xbox Series X,29.99
73,https://media.gamestop.com/i/gamestop/11103700/NBA-2K21-Mamba-Forever-Edition?w=188&h=188,NBA 2K21 Mamba Forever Edition,Xbox Series X,49.99
74,https://media.gamestop.com/i/gamestop/11105889/Overcooked-All-You-Can-Eat?w=188&h=188,Overcooked! All You Can Eat,Xbox Series X,29.99
75,https://media.gamestop.com/i/gamestop/11107487/Puyo-Puyo-Tetris-2-Launch-Edition?w=188&h=188,Puyo Puyo Tetris 2 Launch Edition,Xbox Series X,29.99
76,https://media.gamestop.com/i/gamestop/11114711/Resident-Evil-Village?w=188&h=188,Resident Evil Village,Xbox Series X,59.99
77,https://media.gamestop.com/i/gamestop/11114714/Resident-Evil-Village-Deluxe-Edition?w=188&h=188,Resident Evil Village Deluxe Edition,Xbox Series X,69.99
78,https://media.gamestop.com/i/gamestop/11116351/Samurai-Shodown-Enhanced?w=188&h=188,Samurai Shodown Enhanced,Xbox Series X,59.99
79,https://media.gamestop.com/i/gamestop/11120267/Tony-Hawk-Pro-Skater-1-and-2?w=188&h=188,Tony Hawk Pro Skater 1 and 2,Xbox Series X,49.99
80,https://media.gamestop.com/i/gamestop/11110272/Warhammer-Chaosbane-Slayer-Edition?w=188&h=188,Warhammer: Chaosbane Slayer Edition,Xbox Series X,39.99
81,https://media.gamestop.com/i/gamestop/10177068/Watch-Dogs-Legion?w=188&h=188,Watch Dogs: Legion,Xbox Series X,29.99
82,https://media.gamestop.com/i/gamestop/11094787/Watch-Dogs-Legion-Gold-Steelbook-Edition?w=188&h=188,Watch Dogs: Legion Gold Steelbook Edition,Xbox Series X,79.99
83,https://media.gamestop.com/i/gamestop/11094785/Watch-Dogs-Legion-Ultimate-Steelbook-Edition-Only-at-GameStop?w=188&h=188,Watch Dogs: Legion Ultimate Steelbook Edition Only at GameStop,Xbox Series X,99.99
84,https://media.gamestop.com/i/gamestop/11113141/Werewolf-The-Apocalypse-Earthblood?w=188&h=188,Werewolf: The Apocalypse Earthblood,Xbox Series X,49.99
85,https://media.gamestop.com/i/gamestop/11102240/Yakuza-Like-a-Dragon-Day-One-Edition?w=188&h=188,Yakuza: Like a Dragon Day One Edition,Xbox Series X,59.99
86,https://media.gamestop.com/i/gamestop/10171019/Ace-Combat-7-Skies-Unknown?w=188&h=188,Ace Combat 7: Skies Unknown,PC,59.99
87,https://media.gamestop.com/i/gamestop/10099087/Age-of-Empires-III-Complete-Collection?w=188&h=188,Age of Empires III: Complete Collection,PC,39.99
88,https://media.gamestop.com/i/gamestop/10151836/Age-of-Empires-Definitive-Edition?w=188&h=188,Age of Empires: Definitive Edition,PC,19.99
89,https://media.gamestop.com/i/gamestop/10107141/Alice-Madness-Returns---The-Complete-Collection?w=188&h=188,Alice: Madness Returns - The Complete Collection,PC,29.99
90,https://media.gamestop.com/i/gamestop/11096969/Apex-Legends-Bloodhound-Edition?w=188&h=188,Apex Legends Bloodhound Edition,PC,4.97
91,https://media.gamestop.com/i/gamestop/11111191/Apex-Legends-Champions-Edition?w=188&h=188,Apex Legends Champions Edition,PC,39.99
92,https://media.gamestop.com/i/gamestop/11096968/Apex-Legends-Lifeline-Edition?w=188&h=188,Apex Legends Lifeline Edition,PC,4.97
93,https://media.gamestop.com/i/gamestop/11100546/Apex-Legends-Octane-Edition?w=188&h=188,Apex Legends Octane Edition,PC,19.99
94,https://media.gamestop.com/i/gamestop/10108897/Battlefield-4?w=188&h=188,Battlefield 4,PC,19.99
95,https://media.gamestop.com/i/gamestop/11127088/Biomutant?w=188&h=188,Biomutant,PC,59.99
96,https://media.gamestop.com/i/gamestop/11107507/Call-of-Duty-Black-Ops-Cold-War?w=188&h=188,Call of Duty: Black Ops Cold War,PC,59.99
97,https://media.gamestop.com/i/gamestop/11113552/Call-of-Duty-Black-Ops-Cold-War-1100-Points?w=188&h=188,"Call of Duty: Black Ops Cold War 1,100 Points",PC,9.99
98,https://media.gamestop.com/i/gamestop/11113554/Call-of-Duty-Black-Ops-Cold-War-2400-Points?w=188&h=188,"Call of Duty: Black Ops Cold War 2,400 Points",PC,19.99
99,https://media.gamestop.com/i/gamestop/11113560/Call-of-Duty-Black-Ops-Cold-War-5000-Points?w=188&h=188,"Call of Duty: Black Ops Cold War 5,000 Points",PC,39.99
100,https://media.gamestop.com/i/gamestop/10101869/Call-of-Duty-Black-Ops-II?w=188&h=188,Call of Duty: Black Ops II,PC,59.99
101,https://media.gamestop.com/i/gamestop/10111012/Call-of-Duty-Black-Ops-II-Vengeance?w=188&h=188,Call of Duty: Black Ops II Vengeance,PC,14.99
102,https://media.gamestop.com/i/gamestop/10149315/Call-of-Duty-Black-Ops-III-Zombies-Chronicles?w=188&h=188,Call of Duty: Black Ops III Zombies Chronicles,PC,29.99
103,https://media.gamestop.com/i/gamestop/11097309/Call-of-Duty-Modern-Warfare?w=188&h=188,Call of Duty: Modern Warfare,PC,59.99
104,https://media.gamestop.com/i/gamestop/10074786/Call-of-Duty-Modern-Warfare-2?w=188&h=188,Call of Duty: Modern Warfare 2,PC,19.99
105,https://media.gamestop.com/i/gamestop/10111446/Castlevania-Lords-of-Shadow-Ultimate-Edition?w=188&h=188,Castlevania: Lords of Shadow Ultimate Edition,PC,29.99
106,https://media.gamestop.com/i/gamestop/10170997/Cities-Skylines?w=188&h=188,Cities: Skylines,PC,29.99
107,https://media.gamestop.com/i/gamestop/11101164/Command-and-Conquer-Remastered-Collection?w=188&h=188,Command and Conquer Remastered Collection,PC,19.99
108,https://media.gamestop.com/i/gamestop/11094594/Cyberpunk-2077?w=188&h=188,Cyberpunk 2077,PC,59.99
109,https://media.gamestop.com/i/gamestop/10163468/DOOM-Eternal?w=188&h=188,DOOM Eternal,PC,59.99
110,https://media.gamestop.com/i/gamestop/11052192/Dreamcast-Collection?w=188&h=188,Dreamcast Collection,PC,29.99
111,https://media.gamestop.com/i/gamestop/10150349/Fallout-4-VR?w=188&h=188,Fallout 4 VR,PC,59.99
112,https://media.gamestop.com/i/gamestop/10163239/Fallout-76?w=188&h=188,Fallout 76,PC,39.99
113,https://media.gamestop.com/i/gamestop/10170469/Farming-Simulator-19?w=188&h=188,Farming Simulator 19,PC,19.99
114,https://media.gamestop.com/i/gamestop/10109269/FIFA-14?w=188&h=188,FIFA 14,PC,19.99
115,https://media.gamestop.com/i/gamestop/11109999/FIFA-21?w=188&h=188,FIFA 21,PC,19.99
116,https://media.gamestop.com/i/gamestop/11109142/FIFA-21-2200-Ultimate-Team-Points?w=188&h=188,"FIFA 21 2,200 Ultimate Team Points",PC,19.99
117,https://media.gamestop.com/i/gamestop/11094783/FINAL-FANTASY-XIV-Online-Complete-Edition?w=188&h=188,FINAL FANTASY XIV Online Complete Edition,PC,59.99
118,https://media.gamestop.com/i/gamestop/10173119/FINAL-FANTASY-XIV-Shadowbringers?w=188&h=188,FINAL FANTASY XIV: Shadowbringers,PC,39.99
119,https://media.gamestop.com/i/gamestop/10115173/Gauntlet?w=188&h=188,Gauntlet,PC,19.99
120,https://media.gamestop.com/i/gamestop/10156219/Grand-Theft-Auto-Online-Criminal-Enterprise-Starter-Pack?w=188&h=188,Grand Theft Auto Online Criminal Enterprise Starter Pack,PC,9.99
121,https://media.gamestop.com/i/gamestop/10159654/Grand-Theft-Auto-V-Premium-Edition?w=188&h=188,Grand Theft Auto V: Premium Edition,PC,29.99
122,https://media.gamestop.com/i/gamestop/10159655/Grand-Theft-Auto-V-Premium-Edition-and-Great-White-Shark-Card-Bundle?w=188&h=188,Grand Theft Auto V: Premium Edition and Great White Shark Card Bundle,PC,44.98
123,https://media.gamestop.com/i/gamestop/10132162/Grand-Theft-Auto-San-Andreas?w=188&h=188,Grand Theft Auto: San Andreas,PC,14.99
124,https://media.gamestop.com/i/gamestop/10132161/Grand-Theft-Auto-Vice-City?w=188&h=188,Grand Theft Auto: Vice City,PC,9.99
125,https://media.gamestop.com/i/gamestop/10151920/Guild-Wars-2-Path-of-Fire?w=188&h=188,Guild Wars 2: Path of Fire,PC,29.99
126,https://media.gamestop.com/i/gamestop/11105725/Horizon-Zero-Dawn-Complete-Edition?w=188&h=188,Horizon Zero Dawn: Complete Edition,PC,49.99
127,https://media.gamestop.com/i/gamestop/10164771/Insurgency-Sandstorm?w=188&h=188,Insurgency: Sandstorm,PC,29.99
128,https://media.gamestop.com/i/gamestop/11110004/Insurgency-Sandstorm-Breakaway-Set-Bundle?w=188&h=188,Insurgency: Sandstorm Breakaway Set Bundle,PC,9.99
129,https://media.gamestop.com/i/gamestop/10172258/Jump-Force?w=188&h=188,Jump Force,PC,59.99
130,https://media.gamestop.com/i/gamestop/10152123/Kerbal-Space-Program?w=188&h=188,Kerbal Space Program,PC,39.99
131,https://media.gamestop.com/i/gamestop/11120605/Knockout-City?w=188&h=188,Knockout City,PC,19.99
132,https://media.gamestop.com/i/gamestop/10171490/Learn-to-Code-Your-Own-Games-Websites-Apps-Simple-Coding-Bundle-eCard?w=188&h=188,"Learn to Code Your Own Games, Websites, Apps: Simple Coding Bundle eCard",PC,29.95
133,https://media.gamestop.com/i/gamestop/10065231/Left-4-Dead?w=188&h=188,Left 4 Dead,PC,19.99
134,https://media.gamestop.com/i/gamestop/10076112/Left-4-Dead-2?w=188&h=188,Left 4 Dead 2,PC,19.99
135,https://media.gamestop.com/i/gamestop/10112363/LEGO-Marvel-Super-Heroes?w=188&h=188,LEGO Marvel Super Heroes,PC,19.99
136,https://media.gamestop.com/i/gamestop/10142075/Little-Nightmares?w=188&h=188,Little Nightmares,PC,19.99
137,https://media.gamestop.com/i/gamestop/10077554/Lord-of-the-Rings-War-in-the-North?w=188&h=188,Lord of the Rings: War in the North,PC,19.99
138,https://media.gamestop.com/i/gamestop/11103329/Madden-NFL-21?w=188&h=188,Madden NFL 21,PC,19.99
139,https://media.gamestop.com/i/gamestop/11115854/Mass-Effect-Legendary-Edition?w=188&h=188,Mass Effect Legendary Edition,PC,59.99
140,https://media.gamestop.com/i/gamestop/11104717/Microsoft-Flight-Simulator?w=188&h=188,Microsoft Flight Simulator,PC,59.99
141,https://media.gamestop.com/i/gamestop/11102033/Minecraft-Dungeons?w=188&h=188,Minecraft Dungeons,PC,19.99
142,https://media.gamestop.com/i/gamestop/11102034/Minecraft-Dungeons-Hero-Edition?w=188&h=188,Minecraft Dungeons Hero Edition,PC,29.99
143,https://media.gamestop.com/i/gamestop/10168653/Minecraft-Starter-Collection?w=188&h=188,Minecraft Starter Collection,PC,29.99
144,https://media.gamestop.com/i/gamestop/10099083/Mortal-Kombat-Arcade-Kollection?w=188&h=188,Mortal Kombat Arcade Kollection,PC,9.99
145,https://media.gamestop.com/i/gamestop/10127704/Naruto-Shippuden-Ultimate-Ninja-Storm-4?w=188&h=188,Naruto Shippuden Ultimate Ninja Storm 4,PC,29.99
146,https://media.gamestop.com/i/gamestop/10166341/Naruto-to-Boruto-Shinobi-Striker?w=188&h=188,Naruto to Boruto: Shinobi Striker,PC,49.99
147,https://media.gamestop.com/i/gamestop/11103687/NBA-2K21?w=188&h=188,NBA 2K21,PC,19.8
148,https://media.gamestop.com/i/gamestop/11103692/NBA-2K21-Mamba-Forever-Edition?w=188&h=188,NBA 2K21 Mamba Forever Edition,PC,32.99
149,https://media.gamestop.com/i/gamestop/11109235/NieR-Replicant-ver.1.22474487139...?w=188&h=188,NieR Replicant ver.1.22474487139...,PC,59.99
150,https://media.gamestop.com/i/gamestop/10155757/Observer?w=188&h=188,Observer,PC,29.99
151,https://media.gamestop.com/i/gamestop/10092746/R.U.S.E.---The-Pack-of-the-Rising-Sun?w=188&h=188,R.U.S.E. - The Pack of the Rising Sun,PC,9.99
152,https://media.gamestop.com/i/gamestop/11098169/Red-Dead-Redemption-2?w=188&h=188,Red Dead Redemption 2,PC,59.99
153,https://media.gamestop.com/i/gamestop/10112382/Rocksmith-2014-Edition-No-Cable-Included?w=188&h=188,Rocksmith 2014 Edition (No Cable Included),PC,39.99
154,https://media.gamestop.com/i/gamestop/11097700/Sid-Meiers-Civilization-VI-Platinum-Edition?w=188&h=188,Sid Meier's Civilization VI: Platinum Edition,PC,34.8
155,https://media.gamestop.com/i/gamestop/10118849/SimCity-Complete-Edition?w=188&h=188,SimCity Complete Edition,PC,29.99
156,https://media.gamestop.com/i/gamestop/10176037/Star-Wars-Jedi-Fallen-Order?w=188&h=188,Star Wars Jedi: Fallen Order,PC,19.99
157,https://media.gamestop.com/i/gamestop/11103296/Star-Wars-Squadrons?w=188&h=188,Star Wars: Squadrons,PC,19.99
158,https://media.gamestop.com/i/gamestop/10109417/Star-Wars-The-Old-Republic-2400-Cartel-Coins?w=188&h=188,"Star Wars: The Old Republic 2,400 Cartel Coins",PC,19.99
159,https://media.gamestop.com/i/gamestop/10130538/Stardew-Valley?w=188&h=188,Stardew Valley,PC,14.99
160,https://media.gamestop.com/i/gamestop/10174868/SUPER-DRAGON-BALL-HEROES-WORLD-MISSION?w=188&h=188,SUPER DRAGON BALL HEROES WORLD MISSION,PC,59.99
161,https://media.gamestop.com/i/gamestop/10116952/The-Elder-Scrolls-IV-Oblivion-Game-of-the-Year-Edition?w=188&h=188,The Elder Scrolls IV: Oblivion Game of the Year Edition,PC,14.99
162,https://media.gamestop.com/i/gamestop/10142292/The-Elder-Scrolls-Online?w=188&h=188,The Elder Scrolls Online,PC,19.99
163,https://media.gamestop.com/i/gamestop/10161037/The-Elder-Scrolls-V-Skyrim-VR?w=188&h=188,The Elder Scrolls V Skyrim VR,PC,59.99
164,https://media.gamestop.com/i/gamestop/10097815/The-Elder-Scrolls-V-Skyrim?w=188&h=188,The Elder Scrolls V: Skyrim,PC,19.99
165,https://media.gamestop.com/i/gamestop/10109737/The-Elder-Scrolls-V-Skyrim-Legendary-Edition?w=188&h=188,The Elder Scrolls V: Skyrim Legendary Edition,PC,39.99
166,https://media.gamestop.com/i/gamestop/10138906/The-Elder-Scrolls-V-Skyrim-Special-Edition?w=188&h=188,The Elder Scrolls V: Skyrim Special Edition,PC,39.99
167,https://media.gamestop.com/i/gamestop/10115292/The-Forest?w=188&h=188,The Forest,PC,19.99
168,https://media.gamestop.com/i/gamestop/10167562/The-Golf-Club-2019-Featuring-PGA-Tour?w=188&h=188,The Golf Club 2019 Featuring PGA Tour,PC,9.99
169,https://media.gamestop.com/i/gamestop/10153268/The-Invisible-Hours-for-Oculus-Rift?w=188&h=188,The Invisible Hours for Oculus Rift,PC,29.99
170,https://media.gamestop.com/i/gamestop/10111452/The-Sims-4?w=188&h=188,The Sims 4,PC,39.99
171,https://media.gamestop.com/i/gamestop/11111408/The-Sims-4-Snowy-Escape?w=188&h=188,The Sims 4 Snowy Escape,PC,39.99
172,https://media.gamestop.com/i/gamestop/10152861/The-Sims-4-Cats-and-Dogs?w=188&h=188,The Sims 4: Cats and Dogs,PC,39.99
173,https://media.gamestop.com/i/gamestop/10120142/The-Sims-4-Get-to-Work?w=188&h=188,The Sims 4: Get to Work,PC,39.99
174,https://media.gamestop.com/i/gamestop/10114064/The-Witcher-III-Wild-Hunt?w=188&h=188,The Witcher III: Wild Hunt,PC,39.99
175,https://media.gamestop.com/i/gamestop/10120830/Tom-Clancys-Rainbow-Six-Siege?w=188&h=188,Tom Clancy's Rainbow Six: Siege,PC,7.97
176,https://media.gamestop.com/i/gamestop/11052200/Total-War-ROME-II-Emperor-Edition?w=188&h=188,Total War: ROME II Emperor Edition,PC,59.95
177,https://media.gamestop.com/i/gamestop/11052177/Total-War-Warhammer-II?w=188&h=188,Total War: Warhammer II,PC,59.99
178,https://media.gamestop.com/i/gamestop/10146775/Train-Sim-World-CSX-Heavy-Haul?w=188&h=188,Train Sim World: CSX Heavy Haul,PC,39.99
179,https://media.gamestop.com/i/gamestop/10168955/Wizard-101-Aero-Plains-Bundle-Digital-Card?w=188&h=188,Wizard 101 Aero Plains Bundle Digital Card,PC,39
180,https://media.gamestop.com/i/gamestop/11097593/Wizard-101-Undersea-Enchantment-Digital-Card?w=188&h=188,Wizard 101 Undersea Enchantment Digital Card,PC,39
181,https://media.gamestop.com/i/gamestop/10155960/World-of-Warcraft-Full-Game-eCard?w=188&h=188,World of Warcraft Full Game eCard,PC,19.99
182,https://media.gamestop.com/i/gamestop/11103915/World-of-Warcraft-Shadowlands-Digital-Base-Edition?w=188&h=188,World of Warcraft: Shadowlands Digital Base Edition,PC,39.99
183,https://media.gamestop.com/i/gamestop/10114328/Yu-Gi-Oh-Millenium-Duels?w=188&h=188,Yu-Gi-Oh! Millenium Duels,PC,10
